CustomerID,Name,City,Country,Postal Code,Country Code
72-055-7985,Laney Fadden,Daruoyan,China,993-0031,CN
65-353-0657,Giacopo Bramich,Ongjin,North Korea,216282,KP
90-876-6799,Lia Bonar,Quince Mil,Peru,663246,PE
73-873-4827,Merrill Baudon,Susaki,Japan,987-0352,JP
80-927-5246,Tasia Fautly,Tobruk,Libya,351 01,LY
77-111-2020,Angel Veschambre,Rafael Hernandez Ochoa,Mexico,93995,MX
10-341-4047,Sheilah Maestro,Belozërskoye,Russia,641360,RU
83-800-4789,Audie Willcocks,Póvoa do Valado,Portugal,3810-760,PT
89-896-4591,Mart Malsher,Gal'bshtadt,Russia,692769,RU
21-282-1343,Magdalen Lacheze,Fuyang,China,649-6326,CN
04-699-2162,Margarita Mancktelow,Pindiga,Nigeria,33619,NG
72-013-3529,Ashil Brogini,Wakayama-shi,Japan,649-6326,JP
09-688-8521,Arthur Mathewson,Qingshan,China,353715,CN
08-390-4691,Ennis Dungate,Pueblo Viejo,Panama,351 01,PA
56-479-7571,Tiffani Halstead,Chelbasskaya,Russia,353715,RU
75-558-6855,Roddie Winterbotham,Leticia,Colombia,910008,CO
09-710-7305,Pincas Stearn,Bielefeld,Germany,33619,DE
81-678-3234,Tony Crabtree,Kuzhu,China,993-0032,CN
83-988-2186,Tamarah Filasov,Kertamukti,Indonesia,1110210,ID
66-386-4902,Pen Pruce,Yeghegnut,Armenia,1557174,AM
37-285-0504,Boot Burree,Baisangguan,China,987-0353,CN
07-111-7669,Sabra Calbreath,Františkovy Lázně,Czech Republic,352 01,CZ
84-136-7752,Obidiah Zanicchi,Tabu,Indonesia,1188725,ID
72-417-9175,Anders Stowe,Da'anshan,China,1736090,CN
79-082-9805,Locke Janaway,Jelat,Indonesia,3810-761,ID
24-545-1124,Kaylyn Colebourne,Shuangqiao,China,692770,CN
84-300-6499,Noni Quickenden,Mont-Royal,Canada,649-6327,CA
93-913-0650,Alan Paskell,Longzui,China,33620,CN
91-251-5721,Anny Pattemore,Karanganyar,Indonesia,649-6327,ID
04-960-9928,Les Harmson,Podkamennaya Tunguska,Russia,353716,RU
35-042-6593,Horatio Lundy,Huangcun,China,352 01,CN
45-879-0850,Sibley Rodder,Tyvriv,Ukraine,112351.3333,UA
78-492-1244,Dniren Copperwaite,Zhuhu,China,-47696.66667,CN
87-172-1004,Sorcha Beesley,Zabrat,Azerbaijan,-207744.6667,AZ
55-516-2272,Alison Jamieson,Cambuí,Brazil,993-0033,BR
79-227-9821,Dre Danher,Libei,China,2004138,CN
87-811-2475,Chris Gummer,Kubangwaru,Indonesia,2451102,ID
97-003-2495,Adiana Shirtliff,Haradzyeya,Belarus,987-0354,BY
26-631-4044,Derry Davis,La Loma,Panama,353 01,PA
07-925-9556,Lenci McFadzean,El Triunfo de la Cruz,Honduras,2283455,HN
18-296-6063,Uriel Grooby,Izumi,Japan,2830820,JP
26-237-6257,Jillayne Gaiford,Būlaevo,Kazakhstan,3810-762,KZ
77-064-4656,Tiertza Doogan,Ovsyanka,Russia,692771,RU
29-631-4932,Ilario Michie,Pindiga,Nigeria,649-6328,NG
04-268-9065,Sarah Plaschke,Narathiwat,Thailand,33621,TH
06-545-4037,Skipp Lowater,Pacaraos,Peru,649-6328,PE
82-278-5664,Maddalena Wolfinger,Senanga,Zambia,353717,ZM
19-112-3031,Mariquilla Labbe,Notsé,Togo,353 01,TG
58-749-9630,Cornelius Harkess,Morelos,Mexico,-367792.6667,MX
60-238-7059,Erv Padrick,Phichai,Thailand,-527840.6667,TH
03-575-7094,Fielding Struys,Shensuo,China,-687888.6667,CN
83-465-8495,Purcell Eyer,Qulsary,Kazakhstan,993-0034,KZ
97-122-0077,Pietra Dibdall,El Alamo,Mexico,2898066,MX
44-106-8726,Dyanne Labbet,Samanggen,Indonesia,3345030,ID
75-652-8475,Elsworth Stannas,Jinhai,China,987-0355,CN
66-683-1761,Marlo McGeaney,Matangshan,China,354 01,CN
18-238-2784,Calvin Aucock,Ngarus,Indonesia,3378185,ID
14-427-0652,Prudence Eastlake,Stockholm,Sweden,3925550,SE
96-883-5571,Gwenora Beauchamp,Petauke,Zambia,3810-763,ZM
59-450-2625,Jerrie Jiran,Lorena,Brazil,692772,BR
17-237-9919,Linc Martynov,Saint-Malo,France,649-6329,FR
89-302-9477,Jackie Kment,Bến Cầu,Vietnam,33622,VN
30-395-2269,Phil Schapero,Rancapare,Indonesia,649-6329,ID
60-742-1416,Giusto Sheavills,Mospyne,Ukraine,353718,UA
42-286-4150,Emmalynne Hairs,Lewobelek,Indonesia,354 01,ID
36-854-2570,Mirna Rosita,Novorossiysk,Russia,-847936.6667,RU
00-988-1489,Alard Briat,Kyshtym,Russia,-1007984.667,RU
80-467-4735,Ferdinand Fowley,Ntungamo,Uganda,-1168032.667,UG
04-049-1006,Averell Joint,Hancheng,China,993-0035,CN
25-492-4931,Deane Benbough,Dongxin,China,3791994,CN
38-206-8901,Grenville Hyne,Shawan,China,4238958,CN
93-710-1150,Asia McNess,Carromeu,Portugal,987-0356,PT
79-752-9044,Fayre Crocket,Kohila,Estonia,355 01,EE
94-829-5714,Olive Jeannon,Kizhinga,Russia,4472915,RU
17-162-2135,Karoline Pocock,Bislig,Philippines,5020280,PH
08-581-0238,Rosanne Zorzutti,Oji River,Nigeria,3810-764,NG
51-824-3545,Kele Bracknell,Pisangkemeng,Indonesia,692773,ID
03-133-1843,Artair Lant,Ulety,Russia,649-6330,RU
52-259-8758,Marielle Buffey,Mogoditshane,Botswana,33623,BW
22-744-2112,Maighdiln Lamswood,Guangshun,China,649-6330,CN
54-926-6336,Deina Agus,Molagavita,Colombia,353719,CO
38-254-0934,Cirilo Koschek,Garešnica,Croatia,355 01,HR
72-486-1808,Konrad Standering,Sanshan,China,-1328080.667,CN
40-931-4451,Lilyan Schohier,Youchou,China,-1488128.667,CN
81-286-3465,Eva Dulake,Voiron,France,-1648176.667,FR
42-037-9687,Roi Critzen,Leninsk,Russia,993-0036,RU
09-427-8083,Darby McLae,Sinmak,North Korea,4685922,KP
73-000-6730,Christian Yeld,Parigi,Indonesia,5132886,ID
24-902-5422,Delilah Ayerst,Ngedhusuba,Indonesia,987-0357,ID
38-777-7517,Hynda Skeel,Mata-Utu,Wallis and Futuna,356 01,WF
45-670-3073,Mill Lambell,Otuzco,Peru,5567645,PE
22-817-6388,Melicent Gieves,Jangkat,Indonesia,6115010,ID
30-882-6768,Melisent Claessens,Tân Phú,Vietnam,3810-765,VN
80-373-3482,Son Hurworth,Cruz Alta,Brazil,692774,BR
19-175-1000,Martainn Van Zon,Su-ngai Kolok,Thailand,649-6331,TH
27-350-6986,Elladine Kobiela,Bajos de Haina,Dominican Republic,33624,DO
44-929-7305,Candy Simoncelli,Shuiting,China,649-6331,CN
41-635-6237,Berkley Petrashov,La Rioja,Argentina,353720,AR
00-381-6823,Eba Harriagn,La Calera,Argentina,356 01,AR
59-261-5057,Wilek Ivanyushkin,Maych'ew,Ethiopia,-1808224.667,ET
13-132-4970,Kalindi Ryman,Sumbersari Wetan,Indonesia,-1968272.667,ID
78-150-8068,Viva Foulstone,Opatówek,Poland,-2128320.667,PL
26-834-8571,Hermione Crix,Tuopu,China,993-0037,CN
80-644-1720,Evan Goldsbury,Businovo,Russia,5579850,RU
66-365-0560,Linus Gresham,Cañas,Costa Rica,6026814,CR
73-849-7161,Malchy Huddlestone,Hradec Králové,Czech Republic,987-0358,CZ
96-606-2380,Hakeem Leadston,Haoxue,China,357 01,CN
82-632-3278,Lucilia Sandeman,Liangjing,China,6662375,CN
88-786-4775,Yorgos Staite,Hartswater,South Africa,7209740,ZA
27-255-5518,Lenore Tabb,Mayuan,China,3810-766,CN
55-534-3489,Cathleen Gooday,Sabugo,Portugal,692775,PT
91-467-3717,Heinrick Setchfield,Yushikalasu,China,649-6332,CN
72-701-8397,Worth Laweles,Ho,Ghana,33625,GH
93-083-1812,Noby Torvey,Couva,Trinidad and Tobago,649-6332,TT
89-643-5055,Adah Adamczewski,Nangang,China,353721,CN
60-477-3944,Vivie Twinning,Banī an Nahārī,Yemen,357 01,YE
91-616-5387,Zora Hanalan,Lagayan,Philippines,-2288368.667,PH
62-404-0979,Ham Penhall,Kisoro,Uganda,-2448416.667,UG
30-459-4522,Blancha Trippack,Kassándreia,Greece,-2608464.667,GR
73-981-1213,Carney Speer,Duas Igrejas,Portugal,993-0038,PT
86-200-6226,Christoforo Vagg,Ijuí,Brazil,6473778,BR
12-210-8916,Lorette Golsthorp,Shuiting,China,6920742,CN
09-129-7277,Rana Rait,Açucena,Brazil,987-0359,BR
17-656-8981,Nev Bompas,Qianyou,China,358 01,CN
36-854-2948,Sherilyn Ilewicz,Tambulig,Philippines,7757105,PH
83-486-4557,Fredi Helks,Kasugai,Japan,8304470,JP
71-234-5179,Steward Lavies,Parlilitan,Indonesia,3810-767,ID
81-515-1278,Anastasie Jahnisch,Bi'r al Ḩufayy,Tunisia,692776,TN
53-839-6279,Lyndel Rodwell,Nālchiti,Bangladesh,649-6333,BD
49-536-9801,Elisabetta Jacke,San Juan,Philippines,33626,PH
84-031-0794,Gage Tocknell,Calasgasan,Philippines,649-6333,PH
07-457-0443,Den Coppock.,Golden,Canada,353722,CA
50-716-5754,Granville Mallison,Longhuashan,China,358 01,CN
83-854-5062,Davita Baynham,Osekovo,Croatia,-2768512.667,HR
31-441-5077,Brook Rainger,Medaya,Syria,-2928560.667,SY
30-668-7438,Torr Windrus,Yejia,China,-3088608.667,CN
37-013-0292,Sterne Salterne,Shawnee Mission,United States,993-0039,US
91-982-8246,Keane Wait,Emiliano Zapata,Mexico,7367706,MX
73-965-2661,Shelbi Grishakov,Makur,Micronesia,7814670,FM
65-465-1137,Wyn Attwoull,Ladhewāla Warāich,Pakistan,987-0360,PK
46-957-2549,Mady McMennum,Provo,United States,359 01,US
80-328-3018,Hedi Pellington,Dranoc,Kosovo,8851835,XK
19-745-7544,Durante Bullers,Quiñota,Peru,9399200,PE
21-950-4765,Gale Reeves,Bhadrapur,Nepal,3810-768,NP
37-402-2949,Erika Greensmith,Kindu,Democratic Republic of the Congo,692777,CD
24-909-6177,Gerta Sanday,Dengtang,China,649-6334,CN
58-570-3984,Veronique Caramuscia,Kastrat,Albania,33627,AL
65-987-4463,Alaric Thaw,Uppsala,Sweden,649-6334,SE
21-903-1493,Ingamar Forker,Niedercorn,Luxembourg,353723,LU
80-273-1248,Freida Nannizzi,Andrushivka,Ukraine,359 01,UA
10-502-1445,Aurie Unthank,Buga,Mongolia,-3248656.667,MN
98-956-4430,Sayer Goudman,Juazeiro do Norte,Brazil,-3408704.667,BR
58-165-3429,Ash Lodford,Yuejin,China,-3568752.667,CN
99-033-8011,Chaddy Mangeney,Zamora,Honduras,993-0040,HN
44-048-2898,Cullie McBrady,Boavista,Portugal,8261634,PT
92-325-4771,Mack Fabri,Tarariras,Uruguay,8708598,UY
16-968-9858,Christen Jedrachowicz,Bergville,South Africa,987-0361,ZA
96-909-7950,Eleonore Stitcher,Nancheng,China,360 01,CN
75-905-7326,Staci Coppens,Waiwukak,Indonesia,9946565,ID
40-571-6226,Maible Dalgarno,Shuikou,China,10493930,CN
10-921-5699,Viviyan Lantiff,Simod,Philippines,3810-769,PH
37-372-9415,Gerta Hehir,Bel Air Rivière Sèche,Mauritius,692778,MU
14-852-2100,Lynsey Ludlamme,Luyang,China,649-6335,CN
82-288-9392,Kariotta Core,Kusheriki,Nigeria,33628,NG
56-326-1556,Carena Nucator,San Juan de Manapiare,Venezuela,649-6335,VE
85-368-5194,Windham Meekin,Sidonganti,Indonesia,353724,ID
09-888-3706,Kipp Coulling,Azenhas do Mar,Portugal,360 01,PT
22-453-6603,Alida Dumphy,Bagong Pagasa,Philippines,-3728800.667,PH
59-998-9285,Perrine Scalera,Temorlorong,Indonesia,-3888848.667,ID
31-307-2307,Ezequiel Cunniff,Lubień Kujawski,Poland,-4048896.667,PL
73-427-9774,Sully Cunney,Dowr-e Rabāţ,Afghanistan,993-0041,AF
41-082-7417,Clevey Garfit,Daegu,South Korea,9155562,KR
68-700-9823,Berne Banbury,Khuzhir,Russia,9602526,RU
03-051-7819,Nessie Wheal,Gucheng,China,987-0362,CN
57-301-6790,Manolo Russ,Kroya,Indonesia,361 01,ID
94-865-3366,Mureil Codman,Figueiredo,Portugal,11041295,PT
00-090-3491,Bradford Rafe,Koungheul,Senegal,11588660,SN
77-591-2181,Esra Mc Meekan,Heshan,China,3810-770,CN
99-109-2353,Web O'Howbane,Igreja,Portugal,692779,PT
73-175-9496,Jordan Donner,Vila Fria,Portugal,649-6336,PT
90-491-1239,Yorgos BoHlingolsen,Figueira dos Cavaleiros,Portugal,33629,PT
63-604-3193,Onfroi Kornyakov,Bongao,Philippines,649-6336,PH
02-974-0997,Aubine Chardin,Pasian,Philippines,353725,PH
84-403-5215,Hana Livesay,Wutong,China,361 01,CN
75-436-9725,Cristabel Nutty,Yudaikelike,China,-4208944.667,CN
10-972-8681,Abigail Struis,Mahekou,China,-4368992.667,CN
11-127-1413,Cirillo Creamen,Yanghuxiang,China,-4529040.667,CN
38-352-8049,Jozef Godson,Forquilhinha,Brazil,993-0042,BR
57-611-6010,Tabbie Conboy,Corrientes,Argentina,10049490,AR
73-948-0480,Roth Cousans,Rijau,Nigeria,10496454,NG
59-715-3288,Dene Dawby,Laborie,Saint Lucia,987-0363,LC
68-082-3942,Kally Biers,El Jícaro,Guatemala,362 01,GT
43-748-1342,Garek Gearty,Nara-shi,Japan,12136025,JP
23-541-2030,Ulick Tebboth,Boguchar,Russia,12683390,RU
52-934-7220,Merwin Pikhno,Reno,United States,3810-771,US
00-435-7006,Silas Asson,Hupalivka,Ukraine,692780,UA
85-779-8174,Pierson Baal,Nansheng,China,649-6337,CN
63-906-6480,Reta Leipoldt,Cibangun Tengah,Indonesia,33630,ID
73-712-9768,Joline Cancelier,Saint-Claude,France,649-6337,FR
70-480-2781,Sheffield Turbitt,Motegi,Japan,353726,JP
94-235-1902,Giustina Thorne,Juḩr ad Dīk,Palestinian Territory,362 01,PS
13-641-1831,Gallagher Benyon,Hengli,China,-4689088.667,CN
71-561-5133,Sabra Corry,Takikawa,Japan,-4849136.667,JP
92-135-9201,Charline Windrus,Huangzhan,China,-5009184.667,CN
09-339-5822,Webster Lomax,Batelov,Czech Republic,993-0043,CZ
90-275-2874,Vincent Boarer,Kastsyukovichy,Belarus,10943418,BY
37-705-9466,Dietrich Feetham,Manhiça,Mozambique,11390382,MZ
96-259-0479,Charita Bosworth,Pisz,Poland,987-0364,PL
75-937-6004,Basil Slarke,Mamonovo,Russia,363 01,RU
91-321-8895,Dicky Van der Son,Nizhnyaya Omka,Russia,13230755,RU
80-325-0206,Kali Avis,Rodotópi,Greece,13778120,GR
90-508-0061,Zebedee Spafford,Pasirmukti,Indonesia,3810-772,ID
29-310-6052,Alexandr McGill,Miliangju,China,692781,CN
39-459-6791,Lulu Hastin,Sandaoba,China,649-6338,CN
85-700-6393,Ardenia Lobb,Muzhijie,China,33631,CN
03-215-3959,Cissy Blondelle,Zhukovskiy,Russia,649-6338,RU
00-689-5519,Jill O'Sirin,Shiogama,Japan,353727,JP
64-198-0112,Tommi Durham,Kertorejo,Indonesia,363 01,ID
80-658-1730,Adham Heyns,Bila Tserkva,Ukraine,-5169232.667,UA
35-344-7124,Shandeigh Andreas,Silveiros,Portugal,-5329280.667,PT
35-109-7817,Ram Chaudhry,Lüderitz,Namibia,-5489328.667,NA
13-027-0249,Mattie Winyard,Baitian,China,993-0044,CN
58-341-8825,Forester Buxcey,Biguaçu,Brazil,11837346,BR
57-489-1320,Crysta Garratty,Tambong,Philippines,12284310,PH
99-534-0752,Waylan Grieve,Lang,China,987-0365,CN
46-708-9429,Ermina Kitter,Dongzaogang,China,364 01,CN
55-267-3235,Raymond Cranage,Tebluru,Indonesia,14325485,ID
30-073-5505,Kore Smurfit,Gedangan,Indonesia,14872850,ID
14-968-9727,Desdemona Dobbinson,Zaozerne,Ukraine,3810-773,UA
02-063-5381,Elora Eliesco,Chişinău,Moldova,692782,MD
97-687-5761,Annaliese Cowill,Matagalpa,Nicaragua,649-6339,NI
90-627-6303,Nadean Elves,Pardubice,Czech Republic,33632,CZ
47-900-5071,Burgess Hancill,Mananjary,Madagascar,649-6339,MG
32-475-1071,Alvan Winspare,Bayanaūyl,Kazakhstan,353728,KZ
97-708-6756,Ethelbert Cordeux,Kittilä,Finland,364 01,FI
32-836-5069,Gilberta Sabberton,El Rincón,Panama,-5649376.667,PA
33-715-4955,Reginauld Kelemen,Paris 01,France,-5809424.667,FR
13-989-5109,Merrill Sawford,Nggambel,Indonesia,-5969472.667,ID
61-819-5221,Jackelyn Jacox,Biga,Philippines,993-0045,PH
14-998-1300,Rene Garn,Ngora,Uganda,12731274,UG
76-877-1926,Araldo Gutman,Gunziying,China,13178238,CN
62-870-7138,Stewart Keppe,Salzburg,Austria,987-0366,AT
68-435-7756,Fidelity Banham,Thap Than,Thailand,365 01,TH
06-346-0589,Zorana Diggin,Baidian,China,15420215,CN
45-770-5550,Grenville Bottomore,Siliana,Tunisia,15967580,TN
57-734-9941,Julina Di Franceschi,Liangkou,China,3810-774,CN
16-233-7577,Natty Murt,Nyamanari,Gambia,692783,GM
33-155-2546,Phillipe Ropartz,Lukunor,Micronesia,649-6340,FM
72-484-4060,Douglas O' Cloney,Buracan,Philippines,33633,PH
01-882-3064,Adrianne Freeland,Saint-Leu-la-Forêt,France,649-6340,FR
44-352-4880,Maisie Matyushkin,Zhenlong,China,353729,CN
29-581-4956,Lew Allot,Quinta da Courela,Portugal,365 01,PT
91-062-1559,Fairfax Seniour,Destrnik,Slovenia,-6129520.667,SI
60-056-7305,Vania Gilding,Coronel Vivida,Brazil,-6289568.667,BR
93-077-9628,Aime Ferry,Sacramento,United States,-6449616.667,US
27-928-3810,Waldo Tomkiss,Loivos,Portugal,993-0046,PT
59-029-6148,Ely Doodson,Xiaji,China,13625202,CN
88-633-8492,Cate Pagitt,Cancas,Peru,14072166,PE
16-061-3868,Johnette Haitlie,Biankouma,Ivory Coast,987-0367,CI
76-663-5204,Aldric Jerman,Longtian,China,366 01,CN
53-638-1872,Maybelle Bellows,Viking,Canada,16514945,CA
81-155-1642,Merlina Lermit,Allentown,United States,17062310,US
09-463-4222,Livvyy Grombridge,Aracruz,Brazil,3810-775,BR
46-863-0685,Tibold MacGorley,Waiklibang,Indonesia,692784,ID
26-673-1238,Madelin Giacomi,Marmashen,Armenia,649-6341,AM
46-036-3035,Arnie Jay,Ulimonong,Indonesia,33634,ID
78-169-2461,Berenice Marples,Krasnyy Luch,Ukraine,649-6341,UA
73-374-8667,Marys Offen,Oberá,Argentina,353730,AR
91-807-1653,Dacey Witherden,General José de San Martín,Argentina,366 01,AR
61-361-4915,Chloette Pyke,Hexing,China,-6609664.667,CN
91-253-6389,Kameko Cockton,Bang Rak,Thailand,-6769712.667,TH
26-608-5179,Rayner Lukianovich,Dampit,Indonesia,-6929760.667,ID
40-831-4524,Donella Tomasini,Tromsø,Norway,993-0047,NO
78-925-5718,Dennison Qusklay,Mont-de-Marsan,France,14519130,FR
33-532-7457,Orel Gawthrope,Ḩawsh 'Īsá,Egypt,14966094,EG
37-472-2855,Harriett O'Sirin,Aveiras de Cima,Portugal,987-0368,PT
15-796-7574,Mona Rudwell,Obiaruku Quarters,Nigeria,367 01,NG
20-514-8420,Britta Barday,Mersam,Indonesia,17609675,ID
14-149-6520,Zita Coldbath,Zala,China,18157040,CN
68-514-7375,Phillis Denley,Lawonda,Indonesia,3810-776,ID
76-056-5131,Sandor Barradell,Cangkreng,Indonesia,692785,ID
67-683-3934,Rowena Santori,Kłomnice,Poland,649-6342,PL
85-427-4404,Licha Verden,Manaus,Brazil,33635,BR
97-050-8120,Anabelle Dominelli,Kalávryta,Greece,649-6342,GR
06-994-0572,Philomena Petracchi,Sosnovka,Russia,353731,RU
27-609-7148,Annaliese Brunsden,Düsseldorf,Germany,367 01,DE
35-231-9391,Kym Lepard,Vales,Portugal,-7089808.667,PT
38-821-9223,Haily Izakoff,Villiers,South Africa,-7249856.667,ZA
85-902-1541,Junie Older,Shīrvān,Iran,-7409904.667,IR
68-632-2108,Currie Fidell,Kasangulu,Democratic Republic of the Congo,993-0048,CD
58-972-0413,Estele Schultze,Tisul',Russia,15413058,RU
60-024-5912,Ber Dillet,Trinity Ville,Jamaica,15860022,JM
35-838-2312,Merill Leyninye,Ustrzyki Dolne,Poland,987-0369,PL
38-921-3385,Herve Tunmore,Raffingora,Zimbabwe,368 01,ZW
70-887-8634,Armstrong Collerd,Lallayug,Philippines,18704405,PH
72-151-8614,Allyce Mantione,Tosno,Russia,19251770,RU
80-202-1241,Sue Voyce,Datong,China,3810-777,CN
43-930-4762,Teriann Olivari,Assiniboia,Canada,692786,CA
62-555-9031,Dalila Baldree,Adamstown,Pitcairn,649-6343,PN
61-290-1464,Becki Bonsall,Shanglaxiu,China,33636,CN
76-263-1020,Valma Brideau,Nizhniy Tsasuchey,Russia,649-6343,RU
13-838-5377,Zach Bondley,Lampa,Indonesia,353732,ID
08-962-4575,Katherine Midson,Tomaševac,Serbia,368 01,RS
54-610-9376,Alisander Cornelisse,Prokhorovka,Russia,-7569952.667,RU
61-679-9578,Fax Rojahn,Fukiage-fujimi,Japan,-7730000.667,JP
65-854-0852,Hymie Meadowcroft,Arias,Argentina,-7890048.667,AR
44-527-5077,Steffie Slemmonds,Sangba,China,993-0049,CN
45-196-5583,Melessa Lecordier,Gradishtë,Albania,16306986,AL
97-034-6516,Gardy Neljes,Ihuari,Peru,16753950,PE
07-795-8092,Chrotoem Estevez,Ayabaca,Peru,987-0370,PE
91-067-3717,Cori Percifer,El Limon,Mexico,369 01,MX
00-806-0662,Melisse Southeran,Pohrebyshche,Ukraine,19799135,UA
85-983-2290,Maressa Fruish,Wāling,Nepal,20346500,NP
58-629-4175,Moishe Constant,Grudë-Fushë,Albania,3810-778,AL
79-307-3578,Jakie Bullan,Taboão da Serra,Brazil,692787,BR
87-579-7924,Deloria Hannen,Alebtong,Uganda,649-6344,UG
33-772-5377,Lucho McGerraghty,Dangbigih,Indonesia,33637,ID
28-146-1975,Dwain Eccott,Kallar Kahār,Pakistan,649-6344,PK
71-674-3925,Jerome Ovitts,Guanagazapa,Guatemala,353733,GT
42-982-8925,Janith Bowra,Geidam,Nigeria,369 01,NG
30-049-5208,Essy Licence,Toledo,Philippines,-8050096.667,PH
97-474-3634,Rosaleen Ionnisian,QÅ­rghontepa,Uzbekistan,-8210144.667,UZ
84-107-5872,Titos Edgcumbe,Katoúna,Greece,-8370192.667,GR
28-301-5131,Sullivan Eddoes,Barqueiro,Portugal,993-0050,PT
18-208-4971,Flem Haibel,Koesan,South Korea,17200914,KR
05-230-9436,Gualterio Backshall,Telêmaco Borba,Brazil,17647878,BR
78-456-9963,Chauncey Barrott,Langpas,Philippines,987-0371,PH
34-306-8680,Lana Boyne,Jinshi,China,370 01,CN
59-084-7992,Mickie Alred,Inashiki,Japan,20893865,JP
26-229-0678,Kellyann Sambells,Brongkalan,Indonesia,21441230,ID
98-945-3693,Alexia Candelin,Vihti,Finland,3810-779,FI
63-572-7482,Bianka McLanaghan,Sangkulirang,Indonesia,692788,ID
50-245-9029,Pansie Alldis,Złotniki,Poland,649-6345,PL
02-565-4368,Olly Dobbinson,Lukovë,Albania,33638,AL
17-062-2228,Hale Danilchik,Kaducondong,Indonesia,649-6345,ID
28-599-7053,Sandy Rubinowicz,Guilin,China,353734,CN
59-164-4769,Lucais Sewards,Meishan,China,370 01,CN
90-805-1347,Joye MacHostie,Novoye Leushino,Russia,-8530240.667,RU
67-121-1555,Celinda Mamwell,Lela,Indonesia,-8690288.667,ID
01-010-4453,Norby Foord,Koryčany,Czech Republic,-8850336.667,CZ
37-935-3233,Malinde Blunn,Dusun Tengah Cihaurbeuti,Indonesia,993-0051,ID
93-638-4651,Harry Beak,Zhoukou,China,18094842,CN
32-058-7312,Rafferty Guyonneau,Santa Magdalena,Philippines,18541806,PH
26-401-4662,Marice Leavens,Zhongxin,China,987-0372,CN
99-288-3999,Melinda O'Brogan,Tibro,Sweden,371 01,SE
18-878-4452,Brook Begent,Ikšķile,Latvia,21988595,LV
06-566-4150,Ario Meekin,Longju,China,22535960,CN
44-371-9315,Schuyler Walewski,Inglewood,United States,3810-780,US
16-794-2589,Ariadne Copeland,Phoenix,United States,692789,US
75-496-8007,Tamma Clink,Charlotte,United States,649-6346,US
80-565-2790,Jaynell Alty,Delta del Tigre,Uruguay,33639,UY
66-302-7863,Laurianne Diehn,Ikongo,Madagascar,649-6346,MG
23-068-9989,Padraic Zanutti,Svojat,Bosnia and Herzegovina,353735,BA
67-529-6495,Codee Pindar,Drosiá,Greece,371 01,GR
94-518-3950,Gabey Macewan,Tagnanan,Philippines,-9010384.667,PH
51-263-4679,Dinny Fonzone,Mojogajeh,Indonesia,-9170432.667,ID
58-684-1818,Adamo Rumens,BodÄ­,Mongolia,-9330480.667,MN
30-273-7602,Lottie Schultheiss,Miharu,Japan,993-0052,JP
61-440-3934,Ferguson Wilcocke,Sychëvo,Russia,18988770,RU
15-509-1414,Kelwin Ryle,Pidigan,Philippines,19435734,PH
05-507-9751,Griz Tawse,Bangkalan,Indonesia,987-0373,ID
80-343-1997,Katie Betancourt,Bender,Moldova,372 01,MD
04-641-1747,Caterina Sweetnam,Babatngon,Philippines,23083325,PH
98-778-3557,Karia Sonier,Wuxue Shi,China,23630690,CN
44-057-4911,Durand Kitt,Aban,Russia,3810-781,RU
21-735-6636,Veradis Tiddy,Stepnica,Poland,692790,PL
91-165-1485,Constantina Mottley,Petropavlovskaya,Russia,649-6347,RU
94-324-2649,Barnabas Gerrell,Mompach,Luxembourg,33640,LU
19-662-9886,Hinda Giacopetti,Saint-Avold,France,649-6347,FR
79-230-2093,Zolly Heinzel,Kaliska,Poland,353736,PL
86-735-3061,Julianna Jostan,Agusan,Philippines,372 01,PH
95-153-0059,Hallie Roddam,Setono,Indonesia,-9490528.667,ID
91-536-3437,Madlin McGrory,Shangcai Zhongxing,China,-9650576.667,CN
83-279-6709,Tersina Wolfer,Shiraz,Iran,-9810624.667,IR
55-844-1489,Andonis Rawling,Shengrenjian,China,993-0053,CN
90-874-3974,Aluin McUre,Gråbo,Sweden,19882698,SE
57-924-8318,Damiano Yurasov,Dampol,Philippines,20329662,PH
41-401-4494,Almeta Laird-Craig,Karukh,Afghanistan,987-0374,AF
45-809-5759,Nickolai Balmer,Huolianpo,China,373 01,CN
59-553-0874,Isac Crimpe,Évreux,France,24178055,FR
63-816-5027,Verene Beatens,Lamas,Portugal,24725420,PT
74-822-1028,Carol-jean Croston,Sijing,China,3810-782,CN
72-364-9120,Dareen Soutar,Mukō,Japan,692791,JP
65-949-4674,Pietra Paute,San Antonio,Peru,649-6348,PE
14-623-7622,Evvie Crossby,Ouango,Central African Republic,33641,CF
72-045-4857,Claybourne Costin,Pigí,Greece,649-6348,GR
85-164-1355,Dennie Lilloe,Yueyang,China,353737,CN
67-170-9130,Orelle Beadel,Lingquan,China,373 01,CN
88-616-2949,Gregg Yellowlea,Queenstown,South Africa,-9970672.667,ZA
52-456-8474,Pete Morden,Caidian,China,-10130720.67,CN
51-673-6515,Margarette Hobell,Moville,Ireland,-10290768.67,IE
51-918-5148,Ansell Lethlay,Morrelgonj,Bangladesh,993-0054,BD
71-435-6306,Kathy Fairlam,Shilong,China,20776626,CN
22-129-8597,Cleon Moreton,Youcheng,China,21223590,CN
70-288-8972,Allyce Berthon,Vitim,Russia,987-0375,RU
32-854-1763,Garvin Guerrazzi,Baiyun,China,374 01,CN
01-169-3967,Susette O'Neil,Hamilton,United States,25272785,US
86-857-1829,Ignace Cooney,Chapultepec,Mexico,25820150,MX
84-742-3186,Emera Whitewood,Manta,Ecuador,3810-783,EC
64-729-1878,Miquela Dutnell,Kamenskiy,Russia,692792,RU
44-383-3466,Montgomery Spileman,Tselinnoye,Russia,649-6349,RU
71-703-5222,Salem Morgen,Zhengcun,China,33642,CN
18-607-5868,Enid Francescuccio,Moglicë,Albania,649-6349,AL
09-799-7986,Evelyn Serrier,Lorient,France,353738,FR
98-044-8929,Virginie McGrey,Kuala Lumpur,Malaysia,374 01,MY
13-473-0498,Susie Torrisi,Yazykovo,Russia,-10450816.67,RU
75-903-8085,Georgeanna Boulton,Mayskiy,Russia,-10610864.67,RU
88-753-2311,Cynthy Stovold,Budapest,Hungary,-10770912.67,HU
29-317-1692,Spenser Wandless,Qinxi,China,993-0055,CN
34-874-3361,Ethelind Schnieder,Kinna,Sweden,21670554,SE
65-570-0362,Paco Towersey,Volzhsk,Russia,22117518,RU
08-227-7061,Laverna Skeermer,Nankengzi,China,987-0376,CN
24-717-8311,Granger Aiers,Spytkowice,Poland,375 01,PL
60-022-9187,Lilian Dislee,Cordeirópolis,Brazil,26367515,BR
15-794-0367,Chrotoem Harniman,Petauke,Zambia,26914880,ZM
89-492-9791,Thorny Westrip,Lidoríki,Greece,3810-784,GR
94-757-1930,Berny Elcoate,Palpalá,Argentina,692793,AR
48-588-2099,Kiersten Dalliwater,Saumur,France,649-6350,FR
83-012-9386,Ives Armstead,Nobo,Indonesia,33643,ID
69-118-4914,Hersh Bolgar,Cheongsong gun,South Korea,649-6350,KR
74-526-8799,Carlin Brabon,Mocajuba,Brazil,353739,BR
45-612-9855,Mignonne Shepland,Sudo,Indonesia,375 01,ID
46-176-6402,Jacky Shapero,Hamilton,Bermuda,-10930960.67,BM
79-477-1193,Roch Panchen,Belo Jardim,Brazil,-11091008.67,BR
18-234-4252,Stan Clethro,Samashki,Russia,-11251056.67,RU
99-380-1965,Hamlen Mashro,Hexi,China,993-0056,CN
50-079-2328,Marena Jacox,Montauban,France,22564482,FR
77-348-8809,Lorna Bogart,Novoderevyankovskaya,Russia,23011446,RU
50-340-3351,Mirilla Barff,Chenyangzhai,China,987-0377,CN
76-937-0622,Steffane Karpol,Vólos,Greece,376 01,GR
08-294-3158,Weston Dearden,Fenhe,China,27462245,CN
83-395-8326,Kimble Wayvill,Sankwia,Gambia,28009610,GM
39-327-8322,Theadora Huetson,Fengping,China,3810-785,CN
67-611-0715,Alexandros Brookfield,Tiancheng,China,692794,CN
26-438-8798,Katrina Aylett,Lyon,France,649-6351,FR
36-618-6589,Mateo Wightman,Topol'noye,Russia,33644,RU
84-440-9751,Ariadne McCrie,Baing,Indonesia,649-6351,ID
51-678-5620,Karlene Whetson,Niafunké,Mali,353740,ML
75-673-9361,Camille Symmons,Zhangfeng,China,376 01,CN
63-547-7404,Silva Addy,Vyksa,Russia,-11411104.67,RU
57-497-0939,Maddie Raw,Leshukonskoye,Russia,-11571152.67,RU
64-337-3586,Marcile Meffen,Nanping,China,-11731200.67,CN
37-335-7316,Elliott Avard,Zabrušany,Czech Republic,993-0057,CZ
04-810-9943,Cyndi Ruler,Smokvica,Croatia,23458410,HR
04-732-9888,Lauralee Beteriss,Kungsbacka,Sweden,23905374,SE
73-312-7210,Beth Crocket,Hita,Japan,987-0378,JP
71-907-8875,Peggie Biddles,Melaka,Malaysia,377 01,MY
31-388-0154,Roxana Dicte,Guadalupe,Mexico,28556975,MX
61-104-0525,Alyse Pimlett,Rzeczenica,Poland,29104340,PL
13-617-0573,Jolee Linthead,Pekalongan,Indonesia,3810-786,ID
80-987-8100,Brit Northfield,Sumberejo,Indonesia,692795,ID
60-508-6117,Baldwin Colchett,Niono,Mali,649-6352,ML
64-943-2705,Araldo Bramhall,Markham,Canada,33645,CA
76-207-5652,Josiah Thayre,Cantilan,Philippines,649-6352,PH
57-651-6974,Alberik Fancy,Magetlegar,Indonesia,353741,ID
18-790-4326,Trixy Southwick,Klenčí pod Čerchovem,Czech Republic,377 01,CZ
82-126-8371,Callie Dunning,Jiaotan,China,-11891248.67,CN
09-488-5773,Melloney Schimke,Galán,Colombia,-12051296.67,CO
07-589-4558,Tammara Burgyn,Wohyń,Poland,-12211344.67,PL
42-806-9893,Seamus Hearl,Kokhanava,Belarus,993-0058,BY
63-536-7273,Yorgo Muzzillo,Gunungbatu,Indonesia,24352338,ID
62-857-0603,Tiler Kenrack,Olds,Canada,24799302,CA
78-012-8423,Shannon Osban,Dapuchaihe,China,987-0379,CN
63-919-4250,Forest Cole,Palencia,Guatemala,378 01,GT
71-615-2472,Fred Tatersale,Lintaca,Bolivia,29651705,BO
11-253-6502,Salvidor Francesch,Huangzhawan,China,30199070,CN
34-259-4548,Sharai MacMenamin,Vel'sk,Russia,3810-787,RU
39-359-4391,Reuben Iannello,Hallstahammar,Sweden,692796,SE
81-541-0260,Ginevra Pally,Saint-Denis,Reunion,649-6353,RE
09-732-9826,Annice Maxworthy,Pujijie,China,33646,CN
52-341-6099,Koo Vinick,Ostrzeszów,Poland,649-6353,PL
77-254-9655,Hilly Leahey,Yanghu,China,353742,CN
69-923-8256,Hilary Pudner,Pangal Sur,Philippines,378 01,PH
20-317-3721,Porty Auston,Yanshang,China,-12371392.67,CN
66-441-5150,Danyelle Butts,Baojiadian,China,-12531440.67,CN
28-196-8983,Rowan Grover,Palmira,Colombia,-12691488.67,CO
84-776-0112,Mariann Ibbeson,Desa Kertasari,Indonesia,993-0059,ID
98-090-3894,Renard Crispin,São Martinho de Árvore,Portugal,25246266,PT
01-864-9695,Tatiania O'Crigane,Semenivka,Ukraine,25693230,UA
75-904-5534,Koral Stampfer,Jijiang,China,987-0380,CN
11-447-6901,Launce Sowerbutts,Tan-Tan,Morocco,379 01,MA
04-162-3406,Leone Klulisek,Dodoma,Tanzania,30746435,TZ
32-426-3513,Maison Shoreson,Guadalupe,Panama,31293800,PA
67-522-8690,Tricia Bellsham,Mene de Mauroa,Venezuela,3810-788,VE
16-649-4523,Amye Limbert,Hpa-an,Myanmar,692797,MM
64-444-2153,Igor Durrand,Hebei,China,649-6354,CN
09-563-6732,Everard Trasler,Kut Chap,Thailand,33647,TH
49-298-2216,Chastity Medlar,Girijaya,Indonesia,649-6354,ID
92-486-6132,Morgan Gouldeby,Jequitinhonha,Brazil,353743,BR
12-123-6838,Read Trusty,Chumphon,Thailand,379 01,TH
77-493-2198,Flynn Magnay,Jasienica,Poland,-12851536.67,PL
61-286-3086,Kiley Nare,Canutama,Brazil,-13011584.67,BR
12-472-1799,Elfrieda Umbers,Novyye Gorki,Russia,-13171632.67,RU
64-810-4341,Tera Stockdale,Cholet,France,993-0060,FR
26-402-5585,Bree Bleas,Fenkeng,China,26140194,CN
58-027-4960,Cahra Delacoste,Zhouhe,China,26587158,CN
45-876-6548,Haskel Bowell,Qiaodong,China,987-0381,CN
89-460-3944,Julius Scutchin,Buenavista,Philippines,380 01,PH
15-547-7156,Shanan Mingay,Xingtan,China,31841165,CN
77-585-5912,Petronille Southwood,Figueira,Portugal,32388530,PT
21-667-2874,Paulie Lemerle,Fandriana,Madagascar,3810-789,MG
01-905-4730,Rhody Dobbin,Danao,Philippines,692798,PH
98-252-9656,Rene Clements,Cliza,Bolivia,649-6355,BO
06-514-5687,Agnes Acey,Sasnovy Bor,Belarus,33648,BY
63-367-4362,Verena Garman,Kauhan,Indonesia,649-6355,ID
32-514-4207,Claire Morland,Santiago de Cuba,Cuba,353744,CU
95-643-4919,Othella Flood,Thap Than,Thailand,380 01,TH
22-174-9688,Nertie Igglesden,Elx/Elche,Spain,-13331680.67,ES
13-517-7084,Linus Greer,Alah Sāy,Afghanistan,-13491728.67,AF
29-300-1910,Des Covet,Nurmijärvi,Finland,-13651776.67,FI
53-132-9646,Jacynth Clubb,Bęczarka,Poland,993-0061,PL
82-587-1933,Payton Rissen,Panitan,Philippines,27034122,PH
71-993-6020,Coralie Keenlayside,Mulandoro,Indonesia,27481086,ID
98-558-7897,Alli Cunney,Hongtang,China,987-0382,CN
53-761-3433,Ulberto Alyutin,Piritiba,Brazil,381 01,BR
57-007-8529,Sinclare Milburne,Vári,Greece,32935895,GR
72-650-0634,Devy Hookes,Tanzhou,China,33483260,CN
84-581-2271,Dominga Mc Kellen,Kochenëvo,Russia,3810-790,RU
56-917-2112,Kalinda Grestye,Chadian,China,692799,CN
56-311-7903,Robbin Shottin,Yangyong,China,649-6356,CN
30-481-3036,Aldrich Phythien,Lubbock,United States,33649,US
54-947-0130,Jemmy Whelan,Conde,Brazil,649-6356,BR
12-180-4369,Gearard Rowston,Sneek,Netherlands,353745,NL
29-590-2171,Kenna Lideard,Claremont,South Africa,381 01,ZA
20-380-7591,Doll Friary,Novouzensk,Russia,-13811824.67,RU
58-762-4502,Gualterio Paget,Dos Quebradas,Colombia,-13971872.67,CO
88-064-9725,Serena Yerby,Brétigny-sur-Orge,France,-14131920.67,FR
91-647-4130,Nita Vannacci,Shāzand,Iran,993-0062,IR
50-213-8609,Henry Reaney,Limoeiro de Anadia,Brazil,27928050,BR
39-738-3678,Rooney Milbourne,Vilnius,Lithuania,28375014,LT
98-374-2865,Marketa Olman,Cilimus Kulon,Indonesia,987-0383,ID
01-560-0809,Klement Brothwell,Mañazo,Peru,382 01,PE
70-750-9176,Andrej Wolfindale,Tawala,Philippines,34030625,PH
82-014-8133,Rudolph Brozek,Paris 18,France,34577990,FR
87-320-3281,Ryley McKillop,Huai Mek,Thailand,3810-791,TH
94-479-0084,Riley Curnnok,Saint Helier,Jersey,692800,JE
24-176-7246,Galina Whaites,Qiaozi,China,649-6357,CN
64-206-9106,Rania Gerritsma,Macheke,Zimbabwe,33650,ZW
69-254-9529,Evangeline Bernet,Gaoping,China,649-6357,CN
49-045-3798,Berte Tootin,Samran,Thailand,353746,TH
08-816-0158,Cathe Snar,Yangyong,China,382 01,CN
39-392-8970,Terry Iannitti,Outeiro,Portugal,-14291968.67,PT
36-821-2511,Ernestine Merrgen,Batujaran,Indonesia,-14452016.67,ID
64-494-1301,Debbi Gaule,Le Raincy,France,-14612064.67,FR
07-369-4272,Xymenes Hands,Silvares,Portugal,993-0063,PT
49-237-7569,Killy Condie,Fershampenuaz,Russia,28821978,RU
84-872-5897,Elke Dumingos,Pingshan,China,29268942,CN
23-245-6549,Dusty Yedall,Wilkes Barre,United States,987-0384,US
01-889-1994,Marchelle Annes,Rozhniv,Ukraine,383 01,UA
85-126-7032,Riordan Wormald,Felege Neway,Ethiopia,35125355,ET
04-729-3719,Dodi Lenglet,Longhua,China,35672720,CN
79-553-1254,Calla Lambal,Areguá,Paraguay,3810-792,PY
40-116-0451,Josephine Archer,Zhuangbian,China,692801,CN
43-831-6225,Henryetta Kunes,Leiden,Netherlands,649-6358,NL
80-827-8013,Gusella Wadeling,Ciampea,Indonesia,33651,ID
20-741-4330,Ag Gasking,Montbéliard,France,649-6358,FR
89-981-5015,Filmer Floyd,Loma Bonita,Mexico,353747,MX
03-684-7057,Amandi McConaghy,Skhira,Tunisia,383 01,TN
51-811-2023,Maryellen Gligori,Mechrá Belqsiri,Morocco,-14772112.67,MA
98-463-7157,Sibyl Cuphus,La Jicaral,Nicaragua,-14932160.67,NI
15-541-9267,Mathew Groucutt,Ete,Nigeria,-15092208.67,NG
60-341-1613,George Woodeson,Cartagena,Spain,993-0064,ES
94-189-0780,Pauline Danihelka,Tomingad,Philippines,29715906,PH
25-816-5806,Carleen Gyver,Spandaryan,Armenia,30162870,AM
60-243-1925,Jillene Maro,Capalayan,Philippines,987-0385,PH
99-181-8100,Polly Murton,Bontoc,Philippines,384 01,PH
57-653-7765,Cecilia Swinbourne,Refojos,Portugal,36220085,PT
00-896-7289,Felix Ouver,Opařany,Czech Republic,36767450,CZ
60-337-9209,Wynnie Feronet,Dongxin,China,3810-793,CN
89-961-8506,Enriqueta Kirwin,Valtimo,Finland,692802,FI
79-104-5654,Cathee Briscam,Stuttgart,Germany,649-6359,DE
75-667-5377,Lauri Hughill,Banjar Kelodan,Indonesia,33652,ID
83-007-6408,Meg Reburn,Yongchang,China,649-6359,CN
91-757-8892,Roanna Safont,Kansas City,United States,353748,US
08-417-0042,Nerty Green,Fenjie,China,384 01,CN
83-660-8060,Natasha Cool,Eindhoven,Netherlands,-15252256.67,NL
97-850-3306,Cyril Copelli,Abang,Indonesia,-15412304.67,ID
43-225-1028,Stormi Duddin,Queenstown,South Africa,-15572352.67,ZA
84-559-2630,Alberik Rowcastle,Kiambu,Kenya,993-0065,KE
03-883-9835,Deck Paulat,Couto,Portugal,30609834,PT
45-619-6096,Richie Brydson,Chesapeake,United States,31056798,US
71-766-2433,Audra Hebborn,Luti,Indonesia,987-0386,ID
95-556-4695,Melita Drinkale,Shijiao,China,385 01,CN
46-633-0361,Joycelin Loghan,Duqu,China,37314815,CN
92-904-9582,Elisabetta Dubery,Beira,Mozambique,37862180,MZ
67-841-9713,Del Hughman,Zhongbao,China,3810-794,CN
68-296-9308,Darla Kubacek,Tibakisa,Indonesia,692803,ID
27-342-8219,Karel Welband,Nová Role,Czech Republic,649-6360,CZ
12-982-1679,Ondrea Keyser,Liješnica,Bosnia and Herzegovina,33653,BA
16-392-8441,Liam Downing,Bunawan,Philippines,649-6360,PH
01-608-1032,Ezequiel Benion,Trinity Ville,Jamaica,353749,JM
28-838-2563,Willa Wethered,Hang Dong,Thailand,385 01,TH
91-276-1722,Devland Pagett,Dubrovka,Russia,-15732400.67,RU
92-898-9409,Beryl Coo,Santa María de Ipire,Venezuela,-15892448.67,VE
28-808-0517,Nels Ordish,Sapouy,Burkina Faso,-16052496.67,BF
82-932-8304,Curry Able,Singkir,Indonesia,993-0066,ID
16-112-3047,Lind Haggath,Comallo,Argentina,31503762,AR
48-297-2055,Red Nordass,Kalepasan,Indonesia,31950726,ID
62-452-0994,Hamnet Coultas,Katori-shi,Japan,987-0387,JP
23-605-5942,Kelsy Schroder,Gersikputih Tengah,Indonesia,386 01,ID
04-962-5217,Adelheid Casolla,Sarae,Indonesia,38409545,ID
16-138-8056,Jesse Martelet,Shilovo,Russia,38956910,RU
27-913-7247,Cornela LaBastida,Longsheng,China,3810-795,CN
48-898-3804,Ximenez Meredith,Yélimané,Mali,692804,ML
39-552-7180,Sherm Probat,Krasnopillya,Ukraine,649-6361,UA
21-644-8108,Hulda Nayshe,Krajan Kedungsalam,Indonesia,33654,ID
39-791-8742,Thorin Jolliman,Shuangfeng,China,649-6361,CN
47-423-8685,Alfreda Chasmer,Fort Smith,United States,353750,US
82-214-2697,Francis Runciman,Longtang,China,386 01,CN
98-132-2808,Nels Hargreaves,Houk,Micronesia,-16212544.67,FM
33-208-6770,Stephanie Uman,Hiratachō,Japan,-16372592.67,JP
25-056-4351,Leonie Battin,Pionerskiy,Russia,-16532640.67,RU
86-592-7704,Leslie Noden,Carbajales,Honduras,993-0067,HN
82-505-1173,Grenville Penburton,Zhaoyuan,China,32397690,CN
13-051-6609,Celle Oller,Vårgårda,Sweden,32844654,SE
14-150-3681,Ibrahim Jurries,Vilar,Portugal,987-0388,PT
77-254-6430,Renato Paulin,Grand Junction,United States,387 01,US
19-203-6248,Janeva Silman,Birmingham,United States,39504275,US
50-471-6999,Pablo Dracksford,Rio Claro,Trinidad and Tobago,40051640,TT
74-924-9475,Erinn Vannar,Villeneuve-lès-Avignon,France,3810-796,FR
08-784-0123,Amandie Rohmer,Aloja,Latvia,692805,LV
66-811-8791,Gordan Hitscher,Basiong,Indonesia,649-6362,ID
37-292-6370,Emelda Furbank,Inyati,Zimbabwe,33655,ZW
55-446-0184,Marsh Fransoni,Krasnaya Poyma,Russia,649-6362,RU
34-938-2645,Law Leinweber,Wonorejo,Indonesia,353751,ID
29-402-3395,Kaleena Philips,Pandaan,Indonesia,387 01,ID
63-009-8189,Eyde Ellerton,Porto Formoso,Portugal,-16692688.67,PT
71-643-1944,Hermione Tire,Amparo,Brazil,-16852736.67,BR
24-648-1490,Itch Merle,Ja Ela,Sri Lanka,-17012784.67,LK
91-488-9581,Henrie Ledward,Arias,Argentina,993-0068,AR
07-280-9648,Anna-diane Kopps,Libertador General San Martín,Argentina,33291618,AR
11-549-7666,Jessalin Dimitriades,Sampir,Indonesia,33738582,ID
38-163-2437,Burke Jupp,Kupavna,Russia,987-0389,RU
22-928-0299,Farrel Teare,Gosë e Madhe,Albania,388 01,AL
03-512-0082,Saul Parsonage,Gudang,Indonesia,40599005,ID
00-352-9063,Sharon Lazare,Ayacucho,Peru,41146370,PE
14-064-2226,Ainslee Feighney,Itapissuma,Brazil,3810-797,BR
48-890-3098,Jessey Doddrell,Log pri Brezovici,Slovenia,692806,SI
07-161-0216,Marsiella Duprey,ÅŒbu,Japan,649-6363,JP
81-464-9164,Gianni Aistrop,San Francisco,Colombia,33656,CO
32-091-9218,Neely Frankcomb,Xiaogang,China,649-6363,CN
33-285-9278,Lucretia Whyborn,Pilluana,Peru,353752,PE
50-753-5196,Alister Stronack,Kudang,Indonesia,388 01,ID
37-149-1807,Nancy Rollinshaw,Smoky Lake,Canada,-17172832.67,CA
74-548-0202,Eimile Matz,Malunda,Indonesia,-17332880.67,ID
81-015-5506,Valerye Phorsby,Cipari Satu,Indonesia,-17492928.67,ID
76-847-6826,Gothart Domesday,Sokhumi,Georgia,993-0069,GE
46-324-1886,Ram Sinclaire,Priozërsk,Russia,34185546,RU
87-886-6643,Henrie Karolovsky,Karpogory,Russia,34632510,RU
29-913-3446,Paxon Jeffcoat,Strunino,Russia,987-0390,RU
02-156-3419,Reg Lepper,Koua,Comoros,389 01,KM
71-908-5082,Wenona MacGinlay,Chicago,United States,41693735,US
65-760-7724,Niles MacMenamy,Zhongshanmen,China,42241100,CN
58-196-6560,Cele Dunster,Tomakivka,Ukraine,3810-798,UA
22-501-0325,Jenn Josephoff,Garmeh,Iran,692807,IR
22-414-3931,Tyson Gahagan,Kota Bharu,Malaysia,649-6364,MY
30-959-5571,Felice Fiddler,Novyy Starodub,Ukraine,33657,UA
79-080-9855,Charline Warriner,Skara,Sweden,649-6364,SE
15-086-9086,Hanni Dunbleton,Dalubian,China,353753,CN
34-839-6626,Terrye Littlechild,Gangbian,China,389 01,CN
11-402-7555,Anjela Shobrook,Berbera,Somalia,-17652976.67,SO
10-196-1743,Steven Cornbell,Székesfehérvár,Hungary,-17813024.67,HU
07-187-1437,Julie Brandes,Å irvintos,Lithuania,-17973072.67,LT
33-882-5916,Boot Terbeck,Przyborów,Poland,993-0070,PL
75-071-4546,Henryetta Kempster,Criuleni,Moldova,35079474,MD
34-099-5874,Mei Scrogges,Kolyvan',Russia,35526438,RU
41-356-7756,Florinda Cellier,Bukowiec,Poland,987-0391,PL
15-038-3835,Gay Skechley,Mafang,China,390 01,CN
59-386-1239,Beret Behneke,Ginowan,Japan,42788465,JP
28-875-7993,Adria Koubu,Lac du Bonnet,Canada,43335830,CA
13-040-2063,Karissa Sancraft,Pompano Beach,United States,3810-799,US
46-402-7692,Julietta Legerwood,Ranot,Thailand,692808,TH
64-665-8707,Bentley Gwyneth,Zaoshi,China,649-6365,CN
34-728-6780,Janeva Buist,Alençon,France,33658,FR
14-396-6788,Giselle Abrahart,Szamotuły,Poland,649-6365,PL
58-991-4580,Inez Flade,Moinhos,Portugal,353754,PT
02-681-4911,Nicole Linnit,Huangzhou,China,390 01,CN
75-669-7534,Michaela Babcock,Korsakovo,Russia,-18133120.67,RU
28-783-9841,Jacquetta Plampin,Donggou,China,-18293168.67,CN
49-464-9139,Ynez Hows,Florianópolis,Brazil,-18453216.67,BR
86-404-0358,Elvina McGlynn,Miaotang,China,993-0071,CN
48-766-8760,Myra Zaczek,Vera,Argentina,35973402,AR
05-480-9942,Sabina Corneille,Loa Janan,Indonesia,36420366,ID
95-306-3083,Leanna Dur,Nossa Senhora do Socorro,Brazil,987-0392,BR
61-676-0339,Barnabas Casson,Litein,Kenya,391 01,KE
09-974-0828,Cornall Pimlock,Grzechynia,Poland,43883195,PL
47-010-9846,Harlie Jindracek,Dedza,Malawi,44430560,MW
63-400-1629,Leonora Tullett,Homa Bay,Kenya,3810-800,KE
78-969-3391,Vale Norwood,Atlanta,United States,692809,US
71-011-7586,Kimberli Eisenberg,Laramate,Peru,649-6366,PE
81-476-1236,Lisle Scamadin,Vysoké nad Jizerou,Czech Republic,33659,CZ
91-908-8699,Graham Rumford,Verkhniy Dashkesan,Azerbaijan,649-6366,AZ
07-014-5107,Fredelia Snedden,Oenam,Indonesia,353755,ID
24-388-6822,Anatole Desforges,Wassa-Akropong,Ghana,391 01,GH
18-648-5116,Gawain Willmont,Saskylakh,Russia,-18613264.67,RU
90-423-2784,Brittni Nielson,Garagoa,Colombia,-18773312.67,CO
57-843-3690,Paddie Tellenbrok,Novozybkov,Russia,-18933360.67,RU
18-423-4240,Monique Fry,Nowlamary,Bangladesh,993-0072,BD
45-272-9855,Ogdon Petr,Mirabel,Canada,36867330,CA
11-687-7365,Lance Cheatle,Newport Beach,United States,37314294,US
51-291-3742,Devonne Yanuk,Yangying,China,987-0393,CN
53-853-8502,Vaughan Gorch,Chiantla,Guatemala,392 01,GT
45-685-2873,Terencio Loche,Keruguya,Kenya,44977925,KE
52-993-1145,Winnah Laye,Cibaregbeg,Indonesia,45525290,ID
36-740-6346,Lawrence O'Cahey,Fojo,Portugal,3810-801,PT
91-003-5808,Goldie O'Sherrin,Bouças,Portugal,692810,PT
19-291-5558,Kristoffer Pales,Rennes,France,649-6367,FR
57-799-5797,Sol Hynam,Vännäs,Sweden,33660,SE
56-376-6225,Kristian Beeken,Piñas,Ecuador,649-6367,EC
95-505-4189,Caterina Rosenzwig,Sumberejo,Indonesia,353756,ID
07-597-7903,Carroll Tear,Napoli,Italy,392 01,IT
62-551-8160,Jonell Aiton,Karaundi,Pakistan,-19093408.67,PK
38-029-8372,Sherye Christmas,Buffalo,United States,-19253456.67,US
97-361-6034,Natka Featenby,Khatanga,Russia,-19413504.67,RU
78-757-0953,Biddy Spadoni,Ebak,Indonesia,993-0073,ID
14-188-9770,Brynn Roset,Trujillo,Honduras,37761258,HN
37-428-9401,Marcelia Kerswell,Condado,Cuba,38208222,CU
73-471-6783,Tove Jaquest,Samamiya,Nigeria,987-0394,NG
03-040-0318,Lorne Boldry,Decatur,United States,393 01,US
11-586-9495,Debbie Noteyoung,Nahrīn,Afghanistan,46072655,AF
69-530-7688,Devonne Whal,Balboa,Colombia,46620020,CO
79-339-7626,Zena Todari,Telgawah,Indonesia,3810-802,ID
39-702-3793,Kathleen Mac Giolla Pheadair,Sucre,Ecuador,692811,EC
88-988-5357,Korney Buffery,Methóni,Greece,649-6368,GR
92-702-5870,Desiri Issac,Tinampo,Philippines,33661,PH
18-907-7870,Serene Steadman,Shiquan,China,649-6368,CN
06-321-2499,Mano Abrahamson,Cercal,Portugal,353757,PT
36-850-2399,Yardley Eliet,Sacramento,United States,393 01,US
31-320-9549,Christi Flute,Leigu,China,-19573552.67,CN
47-474-8927,Walther Rablin,Guangfu,China,-19733600.67,CN
83-549-0652,Sophey Garling,Xincheng,China,-19893648.67,CN
44-311-9619,Gavra Breslin,Tsotsin-Yurt,Russia,993-0074,RU
40-236-9118,Emmerich Ochterlony,Gomel,Belarus,38655186,BY
66-514-5198,Kellina Oates,Villa de Soto,Argentina,39102150,AR
14-693-9001,Karee Colchett,Montbéliard,France,987-0395,FR
71-801-5063,Enrika Marty,Rulong,China,394 01,CN
48-306-2176,Cal Rorke,Jongorsari,Indonesia,47167385,ID
86-277-5508,Jehu Dauney,Tugu,Indonesia,47714750,ID
57-157-8353,Barb Murfett,Swan Hills,Canada,3810-803,CA
30-847-7835,Jo O'Nowlan,Kafr Baţnā,Syria,692812,SY
21-383-0942,Hermine Dorton,Olszyna,Poland,649-6369,PL
67-467-1171,Egon Lawrance,Farinheiras,Portugal,33662,PT
18-179-2197,Winn Raynes,Citangtu Kaler,Indonesia,649-6369,ID
76-335-3399,Emilie Faircley,Ystad,Sweden,353758,SE
45-044-4374,Antonino McMains,Noling,Philippines,394 01,PH
13-951-6935,Megan Beddows,Marull,Argentina,-20053696.67,AR
72-152-2430,Haslett Jenkyn,Yongning,China,-20213744.67,CN
61-623-7377,Gus Trower,Banarankrajan,Indonesia,-20373792.67,ID
09-203-2909,Doreen Sothcott,Decatur,United States,993-0075,US
91-336-4124,Allyn Gurnay,Nghĩa Hành,Vietnam,39549114,VN
42-547-8958,Katy Pine,Linggou,China,39996078,CN
03-547-5984,Joanie Swindley,Zaymishche,Russia,987-0396,RU
27-104-9440,Petronille Scrimgeour,San Francisco,United States,395 01,US
53-236-6596,Ellis Castanares,Jinsha,China,48262115,CN
95-631-7257,Delly Ventum,Su-ngai Kolok,Thailand,48809480,TH
17-578-7660,Antonella Ochterlony,Dobřív,Czech Republic,3810-804,CZ
80-268-7959,Felita Dovey,Tianhekou,China,692813,CN
70-610-7059,Hall Everil,Richky,Ukraine,649-6370,UA
91-839-0337,Dodi Basindale,Niquero,Cuba,33663,CU
98-336-1192,Krishnah Pearch,Lençóis Paulista,Brazil,649-6370,BR
13-919-9687,Gabrielle Coxall,Junxi,China,353759,CN
07-667-2054,Jobie Coaten,San Pedro de Atacama,Chile,395 01,CL
85-451-7757,Borden Hacking,Made,Indonesia,-20533840.67,ID
09-340-5529,Dell Hellsdon,Å avnik,Montenegro,-20693888.67,ME
28-994-2175,Dorie Cammell,Zamoskvorech'ye,Russia,-20853936.67,RU
21-516-0006,Rayna Strathearn,Guanchao,China,993-0076,CN
90-138-4450,Brendin Meedendorpe,Kudahuvadhoo,Maldives,40443042,MV
27-611-0020,Raquel Borham,Toledo,Spain,40890006,ES
23-205-4715,Tildy Shanks,Cabog,Philippines,987-0397,PH
90-947-8460,Alisander Shoebottom,Kajatian,Philippines,396 01,PH
37-076-7913,Brandon Cocklie,Gustavia,Saint Barthelemy,49356845,BL
46-123-3292,Hebert Aubin,Barrancas,Colombia,49904210,CO
30-426-0861,Aldin Purrier,Hamburg Bramfeld,Germany,3810-805,DE
17-425-9366,Willi Voce,Huangjin,China,692814,CN
54-763-6870,Roxine Humphries,Cruces,Cuba,649-6371,CU
21-910-6325,Guthrey Juara,Sam Roi Yot,Thailand,33664,TH
87-825-2791,Mariel Bourdel,Rainis,Indonesia,649-6371,ID
10-534-1630,Cissiee Gobeau,Chust Shahri,Uzbekistan,353760,UZ
12-760-8688,Bonnee Keller,Shentang,China,396 01,CN
20-910-8042,Nelie Cleare,Dadian,China,-21013984.67,CN
49-905-8008,Hurlee Dhennin,Zhiqu,China,-21174032.67,CN
21-823-5019,Charil Fanton,Clifden,Ireland,-21334080.67,IE
70-815-9836,Far Emmanuele,Skövde,Sweden,993-0077,SE
40-189-3632,Jilly Bursnoll,Jiangya,China,41336970,CN
42-611-3228,Wakefield Strotton,Presa,Portugal,41783934,PT
62-189-0455,Skippy McIlwain,Tây Hồ,Vietnam,987-0398,VN
67-746-6460,Ara McWard,Матејче,Macedonia,397 01,MK
44-431-8932,Elvira Beverstock,Tojeira,Portugal,50451575,PT
82-729-5605,Westbrooke Blindt,Qiryat Yam,Israel,50998940,IL
77-869-4945,Maribelle Allcroft,Motupe,Peru,3810-806,PE
53-704-6388,Roosevelt Grigg,Jielin,China,692815,CN
14-346-3203,Jard Adderson,Shangwuzhuang,China,649-6372,CN
14-832-8262,Steward Pettinger,Nangalimang,Indonesia,33665,ID
12-510-9183,Barby Noell,Perrelos,Philippines,649-6372,PH
44-900-5794,Bertrand Bilton,Jesús María,Argentina,353761,AR
42-905-5328,Emilee Riddeough,Oral,Kazakhstan,397 01,KZ
20-850-2376,Agretha Dutteridge,Otjiwarongo,Namibia,-21494128.67,NA
75-271-9762,Ferrel Jeratt,Jindou,China,-21654176.67,CN
68-882-8050,Selia Grigoroni,Bun Barat,Indonesia,-21814224.67,ID
42-607-3260,Celine Coopland,Pajaten,Indonesia,993-0078,ID
60-346-2768,Danna O'Nion,Morfovoúni,Greece,42230898,GR
76-163-3165,Cornelia Rowth,Enzan,Japan,42677862,JP
19-601-3865,Horatio Codi,Hats'avan,Armenia,987-0399,AM
47-264-6899,Dru Priscott,Dolní Dvořiště,Czech Republic,398 01,CZ
56-511-3188,Bibbie Bover,Bazar-Korgon,Kyrgyzstan,51546305,KG
21-798-9412,Lise Fegan,Dū Laīnah,Afghanistan,52093670,AF
82-520-3770,Faith Grushin,Washington,United States,3810-807,US
95-331-1993,Berte Cornall,Dārchulā,Nepal,692816,NP
53-257-4115,King Hillin,Wang Nam Khiao,Thailand,649-6373,TH
42-410-0705,Selena Relton,Singojuruh,Indonesia,33666,ID
38-609-7229,Virgie Belhomme,Kasese,Uganda,649-6373,UG
03-331-1028,Brunhilda Beeze,Ribas do Rio Pardo,Brazil,353762,BR
29-836-4385,Colver McChesney,Parengan,Indonesia,398 01,ID
41-226-8734,Dominick Crafts,Pul-e Sangī,Afghanistan,-21974272.67,AF
16-815-6643,Tiertza Barford,Volokolamsk,Russia,-22134320.67,RU
77-281-8756,Hastie Charopen,Tuburan,Philippines,-22294368.67,PH
30-825-3298,Doug Logg,Mozhaysk,Russia,993-0079,RU
96-799-4054,Clive Crammy,Shiban,China,43124826,CN
68-814-7130,Ximenes Carnachen,Kostanay,Kazakhstan,43571790,KZ
32-736-6261,Jere Whitebrook,Kotaagung,Indonesia,987-0400,ID
63-784-1408,Gabe Boyan,Novi Slankamen,Serbia,399 01,RS
40-260-1346,Gennifer Koenen,Cayambe,Ecuador,52641035,EC
35-306-1244,Tedda Plumridge,Bapska,Croatia,53188400,HR
48-853-9332,Lexie Spinetti,Shijia,China,3810-808,CN
56-125-9083,Anastasia Baudy,Jangdam,China,692817,CN
72-073-0415,Anna-maria Neilan,Nong Saeng,Thailand,649-6374,TH
50-376-1116,Melisandra Mungham,Xinhua,China,33667,CN
20-180-7160,Dian Collough,Mayong,China,649-6374,CN
47-775-2879,Elayne Karet,Xiaosong,China,353763,CN
58-519-0920,Pail Duignan,Tanūmah,Saudi Arabia,399 01,SA
53-665-5572,Rivi Bowart,Kushtia,Bangladesh,-22454416.67,BD
99-823-8050,Carlye Chiswell,Traganón,Greece,-22614464.67,GR
46-151-7455,Braden Bartolacci,Royan,France,-22774512.67,FR
57-249-9311,Hedi Chadwin,Huaishu,China,993-0080,CN
41-836-7896,Annamarie Taylot,Helsingborg,Sweden,44018754,SE
77-952-2629,Rhetta Nevill,Lupao,Philippines,44465718,PH
04-242-3472,Raye Fyldes,Mompós,Colombia,987-0401,CO
97-519-5326,Kellby Quarterman,Hanggan,Philippines,400 01,PH
74-748-7404,Raye Rossant,Orikum,Albania,53735765,AL
03-350-0766,Aaron Cromley,Cruz,Portugal,54283130,PT
59-273-7178,Morganne Brecknell,Naryn,Kyrgyzstan,3810-809,KG
75-358-8408,Dieter Crannis,Viñales,Cuba,692818,CU
53-501-6288,Kerri Barnes,Posse,Brazil,649-6375,BR
06-093-4453,Adaline Reichartz,Jetaral,China,33668,CN
09-685-7250,Ally McBrearty,Mundolsheim,France,649-6375,FR
48-621-4122,Theda Jagoe,Mutā Khān,Afghanistan,353764,AF
37-038-2215,Jethro Fenwick,Villa del Rosario,Colombia,400 01,CO
60-917-4254,Bambie Frears,Zhanjiang,China,-22934560.67,CN
62-845-0351,Ezri Gouck,Inčukalns,Latvia,-23094608.67,LV
83-415-1839,Charisse Risso,Kavallári,Greece,-23254656.67,GR
79-877-0995,Leanna Chapelhow,Aix-en-Provence,France,993-0081,FR
35-922-4096,Florella McMullen,Yong'an,China,44912682,CN
07-117-6288,Raven Cawkwell,Lembursawah,Indonesia,45359646,ID
29-212-8537,Mable Browncey,Paninggaran,Indonesia,987-0402,ID
98-667-2397,Essie Hagland,Spas-Zaulok,Russia,401 01,RU
42-820-6751,Valida Greenhill,New Pandanon,Philippines,54830495,PH
14-111-5943,Malinde Firbanks,Pilang,Indonesia,55377860,ID
60-136-0339,Persis Chipchase,Suwaru,Indonesia,3810-810,ID
48-656-3310,Demetris McGibbon,Napoli,Italy,692819,IT
07-805-8279,Natala Stobbe,Lidingö,Sweden,649-6376,SE
21-055-2991,Shandy Sefton,Rakhmanovo,Russia,33669,RU
38-183-2380,Sander Maloney,Hallsberg,Sweden,649-6376,SE
31-360-2315,Ellis Kops,Rouen,France,353765,FR
58-897-9539,Yankee Penright,Kuznechikha,Russia,401 01,RU
45-104-2327,Wandie Yeeles,Píritu,Venezuela,-23414704.67,VE
26-472-0085,Tanner Garner,Lazaro Cardenas,Mexico,-23574752.67,MX
95-863-7435,Maryjo Strangwood,Kortowo,Poland,-23734800.67,PL
85-315-2081,Dorise Reames,Vargön,Sweden,993-0082,SE
82-197-4890,Sly Fullwood,Urcos,Peru,45806610,PE
90-268-2856,Florella Reape,Lérida,Colombia,46253574,CO
54-078-7771,Korney O'Carney,North Bay,Canada,987-0403,CA
91-387-2469,Rorie Colicot,Pantian,China,402 01,CN
87-182-2023,Nathanil Eykel,Ōdachō-ōda,Japan,55925225,JP
13-867-0430,Carol-jean Sodory,Hongwei,China,56472590,CN
50-466-7631,Ludwig Fuxman,Iranduba,Brazil,3810-811,BR
41-164-0757,Gloriane Allsepp,Tabatinga,Brazil,692820,BR
01-646-4719,Christoper Myrkus,Ziketan,China,649-6377,CN
24-476-4314,Steward Doyland,Masipi West,Philippines,33670,PH
96-936-2893,Jenilee Ricardou,Uyutne,Ukraine,649-6377,UA
43-976-6171,Riccardo Jahner,Taksimo,Russia,353766,RU
04-213-6891,Leonard Fuxman,La Clotilde,Argentina,402 01,AR
03-754-8064,Ali Einchcombe,Hushi,China,-23894848.67,CN
80-279-3555,Cynthea O'Hickee,Aulnay-sous-Bois,France,-24054896.67,FR
34-747-6973,Renata Vlach,Babice,Poland,-24214944.67,PL
80-992-8483,Manuel Gloyens,Xiadu,China,993-0083,CN
27-053-6056,Jerrome Drohan,Sukadana,Indonesia,46700538,ID
28-076-4615,Karoly Ivie,Thatta,Pakistan,47147502,PK
05-685-7660,Jory Glave,Salogon,Philippines,987-0404,PH
96-672-3509,Charin Pinckard,Qinling Jieban,China,403 01,CN
62-549-2752,Malina Pengelly,Rawawilis,Indonesia,57019955,ID
40-270-8030,Marillin Dennehy,Foundiougne,Senegal,57567320,SN
59-072-5051,Laina Thurborn,Dzüünkharaa,Mongolia,3810-812,MN
28-108-0435,Noel Ladley,Yachimata,Japan,692821,JP
57-785-3314,Gail Grigaut,Pasar,Indonesia,649-6378,ID
94-096-1282,Gordan Kneeshaw,Terek,Russia,33671,RU
46-049-5828,Quinn Stamps,Kota Kinabalu,Malaysia,649-6378,MY
41-128-9654,Odilia Bockett,Nuits-Saint-Georges,France,353767,FR
81-094-4880,Mikael O'Keevan,Cruz Alta,Brazil,403 01,BR
71-750-9970,Egbert Mollnar,Pavlysh,Ukraine,-24374992.67,UA
18-073-6715,Howie Flamank,Santa Maria,Brazil,-24535040.67,BR
41-371-0653,Judy Swainson,Zdenci,Croatia,-24695088.67,HR
32-572-1979,Dulcie Lax,Velké Pavlovice,Czech Republic,993-0084,CZ
54-536-6254,Nelli Myrie,Łęknica,Poland,47594466,PL
29-219-2253,Althea Jaggli,Lazaro Cardenas,Mexico,48041430,MX
71-721-5004,Row Colchett,Marang,Indonesia,987-0405,ID
97-710-2761,Adlai Arnull,Qal'at Bīshah,Saudi Arabia,404 01,SA
59-575-5435,Paloma Spellar,Florencia,Colombia,58114685,CO
65-481-0473,Hyacintha Hanne,Phoenix,United States,58662050,US
43-167-6563,Mattie Brenston,Daba,China,3810-813,CN
64-548-0720,Quintus Parcells,Oslo,Norway,692822,NO
80-680-2541,Sue Fargie,Teresópolis,Brazil,649-6379,BR
80-692-1577,Amaleta Brattan,Caringin Lor,Indonesia,33672,ID
20-619-2889,Willow Burmingham,Kanbe,Myanmar,649-6379,MM
33-530-9357,Fawnia Bartosch,Khāndbāri,Nepal,353768,NP
37-845-3065,Donni Tatem,Fairbanks,United States,404 01,US
81-488-4385,Mary Jellett,Pasadena,United States,-24855136.67,US
81-070-8211,Todd Riglesford,Barra,Philippines,-25015184.67,PH
57-713-4376,Aube Francescuzzi,Périgny,France,-25175232.67,FR
91-235-3553,Fanni Caccavella,Panacan,Philippines,993-0085,PH
34-942-9341,Allie Turbard,Dalam,Indonesia,48488394,ID
53-865-0514,Nadine Cudbird,Kuandian,China,48935358,CN
31-432-4517,Ginelle Finnimore,Ujar,Azerbaijan,987-0406,AZ
55-350-7166,Rici Bollin,Maszkienice,Poland,405 01,PL
44-464-5517,Yvon Chasmor,Corralito,Argentina,59209415,AR
13-549-8164,Sindee Drynan,Malie,Samoa,59756780,WS
76-184-8198,Kim McCloughlin,Vom,Nigeria,3810-814,NG
53-208-7209,Jarib Cranke,Shīeli,Kazakhstan,692823,KZ
38-865-5715,Cordelia Whicher,Épinal,France,649-6380,FR
15-968-4354,Adria Heller,Sungi Liput,Indonesia,33673,ID
23-557-3971,Ash Boise,Shouxihu,China,649-6380,CN
42-475-0558,Ravid Josephsen,Vimmerby,Sweden,353769,SE
37-704-3505,Belle Priver,Chuchkovo,Russia,405 01,RU
50-685-3169,Wanda Ramas,Ipojuca,Brazil,-25335280.67,BR
86-294-0566,Jazmin Torald,Boavista,Portugal,-25495328.67,PT
23-082-9045,Mellicent Philliphs,Maracanaú,Brazil,-25655376.67,BR
74-130-0054,Reggie Hallaways,Zhongluotan,China,993-0086,CN
52-201-2191,Rubin Ind,Malinta,Philippines,49382322,PH
30-902-5761,Melodee Gartshore,Santa Cruz,United States,49829286,US
33-940-3140,Giffy Wreath,Correia Pinto,Brazil,987-0407,BR
10-483-3261,Heida Bohden,Slavgorod,Russia,406 01,RU
66-300-2343,Saw Aspenlon,Almafuerte,Argentina,60304145,AR
27-735-9532,Jenda Castellino,Delong,China,60851510,CN
42-165-1972,Bobby Blazewski,Xinglongchang,China,3810-815,CN
23-834-9533,Boniface Giovannilli,Szydłowo,Poland,692824,PL
81-334-5691,Halette O'Hanley,Hedong,China,649-6381,CN
30-022-9413,Herculie Eastment,Bulu,Indonesia,33674,ID
19-848-0069,Virginie Lammas,Syanno,Belarus,649-6381,BY
98-591-9409,Zorine Delacourt,Mesopotam,Albania,353770,AL
10-047-1960,Isidro Chelam,Vladikavkaz,Russia,406 01,RU
42-897-6329,Annmarie Bountiff,Rislane,Morocco,-25815424.67,MA
39-999-0021,Sid Oultram,Tiblawan,Philippines,-25975472.67,PH
82-124-3942,Patrizia Kunrad,Chengnan,China,-26135520.67,CN
36-331-2831,Marillin Tieman,Takayama,Japan,993-0087,JP
34-309-3114,Rodrigo D'Alessio,Siparia,Trinidad and Tobago,50276250,TT
19-101-7328,Gigi Trunchion,Khanino,Russia,50723214,RU
60-136-4870,Mitzi De Mico,Kotabaru,Indonesia,987-0408,ID
85-127-4717,Dannye Passmore,Bělá pod Bezdězem,Czech Republic,407 01,CZ
49-948-7915,Carree Jeffree,Tetaf,Indonesia,61398875,ID
06-831-0706,Shell Oldis,Huxiaoqiao,China,61946240,CN
29-914-6794,Ardene Davydenko,Abuko,Gambia,3810-816,GM
31-856-0244,Lethia Bodechon,Vänersborg,Sweden,692825,SE
32-395-2589,Harriott Manby,Limbe,Cameroon,649-6382,CM
04-935-5157,Kissie Gosford,Dusun Desa Bunter,Indonesia,33675,ID
18-892-9010,Isador Saffen,Narathiwat,Thailand,649-6382,TH
95-339-8822,Sheela Stein,Salt Lake City,United States,353771,US
95-862-4662,Dal Raper,Yanxi,China,407 01,CN
80-277-5556,Gauthier Sapshed,Ahmadpur Siāl,Pakistan,-26295568.67,PK
48-999-9247,Gizela Northover,Xin Bulag,China,-26455616.67,CN
55-441-4945,Taffy Shipcott,Pateh Sam,Gambia,-26615664.67,GM
74-776-1637,Forster Pervew,Kerikeri,New Zealand,993-0088,NZ
51-529-9908,Arlette Magauran,Vanadzor,Armenia,51170178,AM
63-986-0563,Jameson Yaknov,Mulyoagung,Indonesia,51617142,ID
96-628-9343,Esdras Scoffins,Sumberbening,Indonesia,987-0409,ID
61-684-7316,Gradey O'Gready,Hetian,China,408 01,CN
48-951-1953,Lowrance Kleinmintz,Beigang,China,62493605,CN
64-856-3763,Dore Coyett,Kota Bharu,Malaysia,63040970,MY
23-233-9582,Baxy Dunkerley,Layu,China,3810-817,CN
15-212-8866,Charlot Warkup,Solok,Indonesia,692826,ID
07-575-4456,Godfrey Jellicorse,Vazhiny,Russia,649-6383,RU
99-435-3448,Ives Darmody,Jiangkou,China,33676,CN
07-158-6611,Stephi Broose,Jacareí,Brazil,649-6383,BR
40-581-7231,Hervey Ganning,Torres,Brazil,353772,BR
49-436-2903,Bennett Pendered,Changnyeong,South Korea,408 01,KR
49-449-2339,Jilleen Foux,Khānaqāh,Afghanistan,-26775712.67,AF
28-494-9464,Jefferson Lauderdale,Batanghari,Indonesia,-26935760.67,ID
28-255-9636,Stirling Santry,Chhāgalnāiya,Bangladesh,-27095808.67,BD
04-007-9403,Reilly Domonkos,Fonte Boa da Brincosa,Portugal,993-0089,PT
30-134-4141,Mary Demangel,Daszewice,Poland,52064106,PL
43-303-6151,Carolan Di Giacomo,Talin Hiag,China,52511070,CN
74-339-8181,Clarette Barreau,Zhongtang,China,987-0410,CN
34-231-0656,Germaine Vallack,Voronezh,Russia,409 01,RU
68-194-7215,Alena Geratasch,Augsburg,Germany,63588335,DE
82-442-4503,Dill Beardshall,Daohe,China,64135700,CN
65-959-0100,Dolorita Drayton,Sitrah,Bahrain,3810-818,BH
06-870-3808,Guthry Galpin,Forbach,France,692827,FR
79-834-1150,Paton Fritzer,Nowe Grocholice,Poland,649-6384,PL
91-484-8549,Kelbee Illesley,Sete Lagoas,Brazil,33677,BR
58-358-2956,Christabella Coathup,Bangil,Indonesia,649-6384,ID
40-946-4285,Ephrem Steers,Saint-André-Avellin,Canada,353773,CA
22-719-1060,Melesa Halahan,Fernando Gutierrez Barrios,Mexico,409 01,MX